QUESTION,IsSpecific
Can you provide me with specific legal advice for my case?,1
What should be my defense strategy for the charges I'm facing?,1
Can you guarantee a positive outcome or tell me if I will win my case?,1
What are the potential loopholes in the evidence against me?,1
Can you represent me in court or act as my legal representative?,1
What are the best ways to negotiate a plea deal in my situation?,1
What is the likelihood of my charges being dropped or reduced?,1
Can you help me understand the potential consequences of my actions?,1
What are the common penalties for a DUI conviction?,0
Can you explain the process of filing for divorce?,0
What are my rights during a police search?,0
How long does it typically take to obtain a patent?,0
What are the eligibility criteria for applying for a green card?,0
Can you provide an overview of landlord-tenant laws in my state?,0
What steps should I take to create a will?,0
What are the potential consequences of copyright infringement?,0